-- Fill table refcurrencies with data
INSERT INTO materials.refcurrencies (Code, ShortName, LongName, Country, AdditionalInformation) VALUES ('AMD', 'ՀՀ Դրամ', 'Հայաստանի Հանրապետության Դրամ', 'Հայաստանի Հանրապետություն', 'Հայաստանի Հանրապետության ազգային արժույթ');
INSERT INTO materials.refcurrencies (Code, ShortName, LongName, Country, AdditionalInformation) VALUES ('AUD', 'դոլար', 'Ավստրալիական դոլար', 'Ավստրալիա', 'Ավստրալիայի ազգային արժույթ');
INSERT INTO materials.refcurrencies (Code, ShortName, LongName, Country, AdditionalInformation) VALUES ('BGL', 'լեվ', 'Բուլղարական լեվ', 'Բուլղարիա', 'Բուլղարիայի ազգային արժույթ');
INSERT INTO materials.refcurrencies (Code, ShortName, LongName, Country, AdditionalInformation) VALUES ('BRC', 'ռեալ', 'Բրազիլիական ռեալ', 'Բրազիլիա', 'Բրազիլիայի ազգային արժույթ');
INSERT INTO materials.refcurrencies (Code, ShortName, LongName, Country, AdditionalInformation) VALUES ('BYR', 'ռուբլի', 'Բելոռուսական ռուբլի', 'Բելոռուս', 'Բելոռուսի ազգային արժույթ');
INSERT INTO materials.refcurrencies (Code, ShortName, LongName, Country, AdditionalInformation) VALUES ('CAD', 'դոլար', 'Կանադական դոլար', 'Կանադա', 'Կանադայի ազգային արժույթ');
INSERT INTO materials.refcurrencies (Code, ShortName, LongName, Country, AdditionalInformation) VALUES ('CHF', 'ֆրանկ', 'Շվեյցարական ֆրանկ', 'Շվեյցարիա', 'Շվեյցարիայի ազգային արժույթ');
INSERT INTO materials.refcurrencies (Code, ShortName, LongName, Country, AdditionalInformation) VALUES ('CNY', 'յուան', 'Չինական յուան', 'Չինաստան', 'Չինաստանի ազգային արժույթ');
INSERT INTO materials.refcurrencies (Code, ShortName, LongName, Country, AdditionalInformation) VALUES ('CZK', 'կրոնա', 'Չեխական կրոնա', 'Չեխիա', 'Չեխիայի ազգային արժույթ');
INSERT INTO materials.refcurrencies (Code, ShortName, LongName, Country, AdditionalInformation) VALUES ('DKK', 'կրոն', 'Դանիական կրոն', 'Դանիա', 'Դանիայի ազգային արժույթ');
INSERT INTO materials.refcurrencies (Code, ShortName, LongName, Country, AdditionalInformation) VALUES ('EGP', 'ֆունտ', 'Եգիպտական ֆունտ', 'Եգիպտոս', 'Եգիպտոսի ազգային արժույթ');
INSERT INTO materials.refcurrencies (Code, ShortName, LongName, Country, AdditionalInformation) VALUES ('EUR', 'ԵՎՐՈ', 'ԵՎՐՈ', 'Եվրոպական միություն', 'Եվրոպական միության ազգային արժույթ');
INSERT INTO materials.refcurrencies (Code, ShortName, LongName, Country, AdditionalInformation) VALUES ('GBP', 'ֆունտ', 'Մեծ Բրիտանիայի ֆունտ ստերլինգ', 'Մեծ Բրիտանիա', 'Մեծ Բրիտանիայի ազգային արժույթ');
INSERT INTO materials.refcurrencies (Code, ShortName, LongName, Country, AdditionalInformation) VALUES ('GEL', 'լարի', 'Վրացական լարի', 'Վրաստան', 'Վրաստանի ազգային արժույթ');
INSERT INTO materials.refcurrencies (Code, ShortName, LongName, Country, AdditionalInformation) VALUES ('HKD', 'դոլար', 'Հոնգ Կոնգի դոլար', 'Հոնգ Կոնգ', 'Հոնգ Կոնգի ազգային արժույթ');
INSERT INTO materials.refcurrencies (Code, ShortName, LongName, Country, AdditionalInformation) VALUES ('HUF', 'ֆորինտ', 'Հունգարական ֆորինտ', 'Հունգարիա', 'Հունգարիայի ազգային արժույթ');
INSERT INTO materials.refcurrencies (Code, ShortName, LongName, Country, AdditionalInformation) VALUES ('ILS', 'շեքել', 'Իսրայելական շեքել', 'Իսրայել', 'Իսրայելի ազգային արժույթ');
INSERT INTO materials.refcurrencies (Code, ShortName, LongName, Country, AdditionalInformation) VALUES ('INR', 'ռուփի', 'Հնդկական ռուփի', 'Հնդկաստան', 'Հնդկաստանի ազգային արժույթ');
INSERT INTO materials.refcurrencies (Code, ShortName, LongName, Country, AdditionalInformation) VALUES ('IRR', 'ռիալ', 'Իրանական ռիալ', 'Իրանի իսլամական հանրապետություն', 'Իրանի ազգային արժույթ');
INSERT INTO materials.refcurrencies (Code, ShortName, LongName, Country, AdditionalInformation) VALUES ('ISK', 'կրոն', 'Իսլանդական կրոն', 'Իսլանդիա', 'Իսլանդիայի ազգային արժույթ');
INSERT INTO materials.refcurrencies (Code, ShortName, LongName, Country, AdditionalInformation) VALUES ('JPY', 'յեն', 'Ճապոնոկան յեն', 'Ճապոնիա', 'Ճապոնիայի ազգային արժույթ');
INSERT INTO materials.refcurrencies (Code, ShortName, LongName, Country, AdditionalInformation) VALUES ('KGS', 'սոմ', 'Ղրղզական սոմ', 'Ղրղստան', 'Ղրղստանի ազգային արժույթ');
INSERT INTO materials.refcurrencies (Code, ShortName, LongName, Country, AdditionalInformation) VALUES ('KRW', 'վոն', 'Հարավկորեական վոն', 'Հարավային Կորեա', 'Հարավային Կորեայի ազգային արժույթ');
INSERT INTO materials.refcurrencies (Code, ShortName, LongName, Country, AdditionalInformation) VALUES ('KWD', 'դինար', 'Քուվեյթյան դինար', 'Քուվեյթ', 'Քուվեյթի ազգային արժույթ');
INSERT INTO materials.refcurrencies (Code, ShortName, LongName, Country, AdditionalInformation) VALUES ('KZT', 'տենգե', 'Ղազախական տենգե', 'Ղազախստան', 'Ղազախստանի ազգային արժույթ');
INSERT INTO materials.refcurrencies (Code, ShortName, LongName, Country, AdditionalInformation) VALUES ('LBP', 'ֆունտ', 'Լիբանանյան ֆունտ', 'Լիբանան', 'Լիբանանի ազգային արժույթ');
INSERT INTO materials.refcurrencies (Code, ShortName, LongName, Country, AdditionalInformation) VALUES ('LTL', 'լիտ', 'Լիտվական լիտ', 'Լիտվա', 'Լիտվայի ազգային արժույթ');
INSERT INTO materials.refcurrencies (Code, ShortName, LongName, Country, AdditionalInformation) VALUES ('LVL', 'լատ', 'Լատվիական լատ', 'Լատվիա', 'Լատվիայի ազգային արժույթ');
INSERT INTO materials.refcurrencies (Code, ShortName, LongName, Country, AdditionalInformation) VALUES ('MDL', 'լեյ', 'Մոլդովական լեյ', 'Մոլդովա', 'Մոլդովայի ազգային արժույթ');
INSERT INTO materials.refcurrencies (Code, ShortName, LongName, Country, AdditionalInformation) VALUES ('MXN', 'պեսո', 'Մեքսիկական պեսո', 'Մեքսիկա', 'Մեքսիկայի ազգային արժույթ');
INSERT INTO materials.refcurrencies (Code, ShortName, LongName, Country, AdditionalInformation) VALUES ('NOK', 'կրոն', 'Նորվեգական կրոն', 'Նորվեգիա', 'Նորվեգիայի ազգային արժույթ');
INSERT INTO materials.refcurrencies (Code, ShortName, LongName, Country, AdditionalInformation) VALUES ('PLN', 'զլոտի', 'Լեհակահ զլոտի', 'Լեհաստան', 'Լեհաստանի ազգային արժույթ');
INSERT INTO materials.refcurrencies (Code, ShortName, LongName, Country, AdditionalInformation) VALUES ('RON', 'լեյ', 'Ռումինական լեյ', 'Ռումինիա', 'Ռումինիայի ազգային արժույթ');
INSERT INTO materials.refcurrencies (Code, ShortName, LongName, Country, AdditionalInformation) VALUES ('RUR', 'ռուբլի', 'Ռուսաստանյան ռուբլի', 'Ռուսաստանի Դաշնություն', 'Ռուսաստանի Դաշնության Ազգային Արժույթ');
INSERT INTO materials.refcurrencies (Code, ShortName, LongName, Country, AdditionalInformation) VALUES ('SAR', 'ռիալ', 'Սաուդյան Արաբական ռիալ', 'Սաուդյան Արաբիա', 'Սաուդյան Արաբիայի ազգային արժույթ');
INSERT INTO materials.refcurrencies (Code, ShortName, LongName, Country, AdditionalInformation) VALUES ('SEK', 'կրոն', 'Շվեդական կրոն', 'Շվեդիա', 'Շվեդիայի ազգային արժույթ');
INSERT INTO materials.refcurrencies (Code, ShortName, LongName, Country, AdditionalInformation) VALUES ('SGD', 'դոլար', 'Սինգապուրյան դոլար', 'Սինգապուր', 'Սինգապուրի ազգային արժույթ');
INSERT INTO materials.refcurrencies (Code, ShortName, LongName, Country, AdditionalInformation) VALUES ('SYP', 'ֆունտ', 'Սիրիական ֆունտ', 'Սիրիա', 'Սիրիայի ազգային արժույթ');
INSERT INTO materials.refcurrencies (Code, ShortName, LongName, Country, AdditionalInformation) VALUES ('TJS', 'սոմոնի', 'Տաջիկական սոմոնի', 'Տաջիկստան', 'Տաջիկստանի ազգային արժույթ');
INSERT INTO materials.refcurrencies (Code, ShortName, LongName, Country, AdditionalInformation) VALUES ('TMT', 'մանաթ', 'Թուրքմենական մանաթ', 'Թուրքմենիստան', 'Թուրքմենիստանի ազգային արժույթ');
INSERT INTO materials.refcurrencies (Code, ShortName, LongName, Country, AdditionalInformation) VALUES ('UAH', 'գրիվնյա', 'ՈՒկրաինական գրիվնյա', 'ՈՒկրաինա', 'ՈՒկրաինայի ազգային արժույթ');
INSERT INTO materials.refcurrencies (Code, ShortName, LongName, Country, AdditionalInformation) VALUES ('USD', 'դոլար', 'Ամերիկյան դոլար', 'Ամերիկայի Միացյալ Նահանգներ', 'Ամերիկայի Միացյալ Նահանգների ազգային արժույթ');
INSERT INTO materials.refcurrencies (Code, ShortName, LongName, Country, AdditionalInformation) VALUES ('UZS', 'սում', 'ՈՒզբեկական սում', 'Ուզբեկստան', 'Ուզբեկստանի ազգային արժույթ');
INSERT INTO materials.refcurrencies (Code, ShortName, LongName, Country, AdditionalInformation) VALUES ('XAU', 'Ոսկի', 'Ոսկի', 'Աշխարհ', 'Համաշխարհային արժեք');

-- Fill table refcurrenciesrates with data
INSERT INTO materials.refcurrenciesrates (ID, CurrencyCode, Date, Rate, Quantity) VALUES (3, 'AUD', '2016-03-12', 367.72, 1);
INSERT INTO materials.refcurrenciesrates (ID, CurrencyCode, Date, Rate, Quantity) VALUES (4, 'BGL', '2016-03-12', 278.37, 1);
INSERT INTO materials.refcurrenciesrates (ID, CurrencyCode, Date, Rate, Quantity) VALUES (5, 'BYR', '2016-03-12', 0.24, 10);
INSERT INTO materials.refcurrenciesrates (ID, CurrencyCode, Date, Rate, Quantity) VALUES (6, 'CAD', '2016-03-12', 370.29, 1);
INSERT INTO materials.refcurrenciesrates (ID, CurrencyCode, Date, Rate, Quantity) VALUES (7, 'CHF', '2016-03-12', 496.74, 1);
INSERT INTO materials.refcurrenciesrates (ID, CurrencyCode, Date, Rate, Quantity) VALUES (8, 'CNY', '2016-03-12', 75.53, 1);
INSERT INTO materials.refcurrenciesrates (ID, CurrencyCode, Date, Rate, Quantity) VALUES (9, 'CZK', '2016-03-12', 20.12, 1);
INSERT INTO materials.refcurrenciesrates (ID, CurrencyCode, Date, Rate, Quantity) VALUES (10, 'DKK', '2016-03-12', 73.03, 1);
INSERT INTO materials.refcurrenciesrates (ID, CurrencyCode, Date, Rate, Quantity) VALUES (11, 'EGP', '2016-03-12', 62.66, 1);
INSERT INTO materials.refcurrenciesrates (ID, CurrencyCode, Date, Rate, Quantity) VALUES (12, 'EUR', '2016-03-12', 544.74, 1);
INSERT INTO materials.refcurrenciesrates (ID, CurrencyCode, Date, Rate, Quantity) VALUES (13, 'GBP', '2016-03-12', 700.2, 1);
INSERT INTO materials.refcurrenciesrates (ID, CurrencyCode, Date, Rate, Quantity) VALUES (14, 'GEL', '2016-03-12', 203.41, 1);
INSERT INTO materials.refcurrenciesrates (ID, CurrencyCode, Date, Rate, Quantity) VALUES (15, 'HKD', '2016-03-12', 63.17, 1);
INSERT INTO materials.refcurrenciesrates (ID, CurrencyCode, Date, Rate, Quantity) VALUES (16, 'HUF', '2016-03-12', 17.54, 1);
INSERT INTO materials.refcurrenciesrates (ID, CurrencyCode, Date, Rate, Quantity) VALUES (17, 'ILS', '2016-03-12', 126.35, 1);
INSERT INTO materials.refcurrenciesrates (ID, CurrencyCode, Date, Rate, Quantity) VALUES (18, 'INR', '2016-03-12', 7.31, 1);
INSERT INTO materials.refcurrenciesrates (ID, CurrencyCode, Date, Rate, Quantity) VALUES (19, 'IRR', '2016-03-12', 1.62, 100);
INSERT INTO materials.refcurrenciesrates (ID, CurrencyCode, Date, Rate, Quantity) VALUES (20, 'ISK', '2016-03-12', 38.69, 1);
INSERT INTO materials.refcurrenciesrates (ID, CurrencyCode, Date, Rate, Quantity) VALUES (21, 'JPY', '2016-03-12', 43.07, 1);
INSERT INTO materials.refcurrenciesrates (ID, CurrencyCode, Date, Rate, Quantity) VALUES (22, 'KGS', '2016-03-12', 6.75, 1);
INSERT INTO materials.refcurrenciesrates (ID, CurrencyCode, Date, Rate, Quantity) VALUES (23, 'KRW', '2016-03-12', 41.09, 100);
INSERT INTO materials.refcurrenciesrates (ID, CurrencyCode, Date, Rate, Quantity) VALUES (24, 'KWD', '2016-03-12', 1627.59, 1);
INSERT INTO materials.refcurrenciesrates (ID, CurrencyCode, Date, Rate, Quantity) VALUES (25, 'KZT', '2016-03-12', 13.7, 10);
INSERT INTO materials.refcurrenciesrates (ID, CurrencyCode, Date, Rate, Quantity) VALUES (26, 'LBP', '2016-03-12', 32.38, 100);
INSERT INTO materials.refcurrenciesrates (ID, CurrencyCode, Date, Rate, Quantity) VALUES (27, 'LTL', '2016-03-12', 157.69, 1);
INSERT INTO materials.refcurrenciesrates (ID, CurrencyCode, Date, Rate, Quantity) VALUES (28, 'MDL', '2016-03-12', 24.68, 1);
INSERT INTO materials.refcurrenciesrates (ID, CurrencyCode, Date, Rate, Quantity) VALUES (29, 'MXN', '2016-03-12', 27.68, 1);
INSERT INTO materials.refcurrenciesrates (ID, CurrencyCode, Date, Rate, Quantity) VALUES (30, 'NOK', '2016-03-12', 57.53, 1);
INSERT INTO materials.refcurrenciesrates (ID, CurrencyCode, Date, Rate, Quantity) VALUES (31, 'PLN', '2016-03-12', 126.14, 1);
INSERT INTO materials.refcurrenciesrates (ID, CurrencyCode, Date, Rate, Quantity) VALUES (32, 'RON', '2016-03-12', 120.68, 1);
INSERT INTO materials.refcurrenciesrates (ID, CurrencyCode, Date, Rate, Quantity) VALUES (33, 'RUR', '2016-03-12', 6.99, 1);
INSERT INTO materials.refcurrenciesrates (ID, CurrencyCode, Date, Rate, Quantity) VALUES (34, 'SAR', '2016-03-12', 130.71, 1);
INSERT INTO materials.refcurrenciesrates (ID, CurrencyCode, Date, Rate, Quantity) VALUES (35, 'SEK', '2016-03-12', 58.48, 1);
INSERT INTO materials.refcurrenciesrates (ID, CurrencyCode, Date, Rate, Quantity) VALUES (36, 'SGD', '2016-03-12', 355.91, 1);
INSERT INTO materials.refcurrenciesrates (ID, CurrencyCode, Date, Rate, Quantity) VALUES (37, 'SYP', '2016-03-12', 2.21, 1);
INSERT INTO materials.refcurrenciesrates (ID, CurrencyCode, Date, Rate, Quantity) VALUES (38, 'TJS', '2016-03-12', 62.31, 1);
INSERT INTO materials.refcurrenciesrates (ID, CurrencyCode, Date, Rate, Quantity) VALUES (39, 'TMT', '2016-03-12', 140.07, 1);
INSERT INTO materials.refcurrenciesrates (ID, CurrencyCode, Date, Rate, Quantity) VALUES (40, 'UAH', '2016-03-12', 18.92, 1);
INSERT INTO materials.refcurrenciesrates (ID, CurrencyCode, Date, Rate, Quantity) VALUES (41, 'USD', '2016-03-12', 490.23, 1);
INSERT INTO materials.refcurrenciesrates (ID, CurrencyCode, Date, Rate, Quantity) VALUES (42, 'UZS', '2016-03-12', 1.72, 1);
INSERT INTO materials.refcurrenciesrates (ID, CurrencyCode, Date, Rate, Quantity) VALUES (47, 'XAU', '2016-04-12', 19961.63, 1);

-- Fill table refdepartments with data
INSERT INTO materials.refdepartments (Code, Name, Street, Pincode, City, State, Country, Phones, Faxes, WebSite, EmailAddress, AdditionalInformation) VALUES ('00000010', 'Մարտունի, Երևանյան մասնաճյուղ', 'Երևանյան 56', '0025', 'Մարտունի', 'Մարտունի', 'Հայաստանի Հանրապետություն', '(+374262) 4 74 04', '(+374262) 4 74 04', 'http://www.nortun.am/martuni', 'martuni@nortun.am', 'ՆՈՐ ՏԱՆ խանութ-սրահներն աշխատում են երկուշաբթիից-շաբաթ՝ ժամը 10:00 -19:00
Կիրակի՝ ժամը 10:00 -18:00');
INSERT INTO materials.refdepartments (Code, Name, Street, Pincode, City, State, Country, Phones, Faxes, WebSite, EmailAddress, AdditionalInformation) VALUES ('00000030', 'Վանաձոր, Մոսկովյան մասնաճյուղ', 'Մոսկովյան 65ա', '0026', 'Վանաձոր', 'Վանաձոր', 'Հայաստանի Հանրապետություն', '(+374322) 4 54 08', '(+374322) 4 54 08', 'http://www.nortun.am/vanadzor', 'vanadzor@nortun.am', 'ՆՈՐ ՏԱՆ խանութ-սրահներն աշխատում են երկուշաբթիից-շաբաթ՝ ժամը 10:00 -19:00
Կիրակի՝ ժամը 10:00 -18:00');
INSERT INTO materials.refdepartments (Code, Name, Street, Pincode, City, State, Country, Phones, Faxes, WebSite, EmailAddress, AdditionalInformation) VALUES ('00000040', 'Գյումրի, Շիրակացի մասնաճյուղ', 'Շիրակացի 50/1', '0027', 'Գյումրի', 'Գյումրի', 'Հայաստանի Հանրապետություն', '(+374312) 5 12 38', '(+374312) 5 12 38', 'http://www.nortun.am/gyumri', 'gyumri@nortun.am', 'ՆՈՐ ՏԱՆ խանութ-սրահներն աշխատում են երկուշաբթիից-շաբաթ՝ ժամը 10:00 -19:00
Կիրակի՝ ժամը 10:00 -18:00');
INSERT INTO materials.refdepartments (Code, Name, Street, Pincode, City, State, Country, Phones, Faxes, WebSite, EmailAddress, AdditionalInformation) VALUES ('00000050', 'Էջմիածին, Մաշտոցի մասնաճյուղ', 'Մաշտոցի 30', '0028', 'Էջմիածին', 'Էջմիածին', 'Հայաստանի Հանրապետություն', '(+374231) 4 19 13', '(+374231) 4 19 13', 'http://www.nortun.am/ejmiacin', 'ejmiacin@nortun.am', 'ՆՈՐ ՏԱՆ խանութ-սրահներն աշխատում են երկուշաբթիից-շաբաթ՝ ժամը 10:00 -19:00
Կիրակի՝ ժամը 10:00 -18:00');
INSERT INTO materials.refdepartments (Code, Name, Street, Pincode, City, State, Country, Phones, Faxes, WebSite, EmailAddress, AdditionalInformation) VALUES ('00000060', 'Երևան, Ռոստովյան մասնաճյուղ', 'Ռոստովյան 27/7', '0029', 'Երևան', 'Երևան', 'Հայաստանի Հանրապետություն', '(+37410) 49 90 95', '(+37410) 49 90 95', 'http://www.nortun.am/rostovyan-e', 'rostovyan-e@nortun.am', 'ՆՈՐ ՏԱՆ խանութ-սրահներն աշխատում են երկուշաբթիից-շաբաթ՝ ժամը 10:00 -19:00
Կիրակի՝ ժամը 10:00 -18:00');
INSERT INTO materials.refdepartments (Code, Name, Street, Pincode, City, State, Country, Phones, Faxes, WebSite, EmailAddress, AdditionalInformation) VALUES ('00000070', 'Երևան, Իսահակյան մասնաճյուղ', 'Իսահակյան 1բ/1', '0030', 'Երևան', 'Երևան', 'Հայաստանի Հանրապետություն', '(+37410) 61 31 01', '(+37410) 61 31 01', 'http://www.nortun.am/isahakyan-e', 'isahakyan-e@nortun.am', 'ՆՈՐ ՏԱՆ խանութ-սրահներն աշխատում են երկուշաբթիից-շաբաթ՝ ժամը 10:00 -19:00
Կիրակի՝ ժամը 10:00 -18:00');
INSERT INTO materials.refdepartments (Code, Name, Street, Pincode, City, State, Country, Phones, Faxes, WebSite, EmailAddress, AdditionalInformation) VALUES ('00000080', 'Երևան, Տ.Պետրոսյան մասնաճյուղ', 'Տ.Պետրոսյան 18/3', '0031', 'Երևան', 'Երևան', 'Հայաստանի Հանրապետություն', '(+37410) 36 08 01', '(+37410) 36 08 01', 'http://www.nortun.am/petrosyan-e', 'petrosyan-e@nortun.am', 'ՆՈՐ ՏԱՆ խանութ-սրահներն աշխատում են երկուշաբթիից-շաբաթ՝ ժամը 10:00 -19:00
Կիրակի՝ ժամը 10:00 -18:00');
INSERT INTO materials.refdepartments (Code, Name, Street, Pincode, City, State, Country, Phones, Faxes, WebSite, EmailAddress, AdditionalInformation) VALUES ('00000090', 'Երևան, Արշակունյաց մասնաճյուղ', 'Արշակունյաց 57/2', '0032', 'Երևան', 'Երևան', 'Հայաստանի Հանրապետություն', '(+37410) 44 81 08', '(+37410) 44 81 08', 'http://www.nortun.am/arshakunyac-e', 'arshakunyac-e@nortun.am', 'ՆՈՐ ՏԱՆ խանութ-սրահներն աշխատում են երկուշաբթիից-շաբաթ՝ ժամը 10:00 -19:00
Կիրակի՝ ժամը 10:00 -18:00');
INSERT INTO materials.refdepartments (Code, Name, Street, Pincode, City, State, Country, Phones, Faxes, WebSite, EmailAddress, AdditionalInformation) VALUES ('00000100', 'Երևան, Անդրանիկի մասնաճյուղ', 'Անդրանիկի 143/1', '0033', 'Երևան', 'Երևան', 'Հայաստանի Հանրապետություն', '(+37410) 73 99 96', '(+37410) 73 99 96', 'http://www.nortun.am/andraniki-e', 'andraniki-e@nortun.am', 'ՆՈՐ ՏԱՆ խանութ-սրահներն աշխատում են երկուշաբթիից-շաբաթ՝ ժամը 10:00 -19:00
Կիրակի՝ ժամը 10:00 -18:00');
INSERT INTO materials.refdepartments (Code, Name, Street, Pincode, City, State, Country, Phones, Faxes, WebSite, EmailAddress, AdditionalInformation) VALUES ('00000110', 'Երևան, Կասյան մասնաճյուղ', 'Կասյան 12', '0034', 'Երևան', 'Երևան', 'Հայաստանի Հանրապետություն', '(+37410) 27 48 47, 22 09 22', '(+37410) 27 48 47, 22 09 22', 'http://www.nortun.am/kasyan-e', 'kasyan-e@nortun.am', 'ՆՈՐ ՏԱՆ խանութ-սրահներն աշխատում են երկուշաբթիից-շաբաթ՝ ժամը 10:00 -19:00
Կիրակի՝ ժամը 10:00 -18:00');
INSERT INTO materials.refdepartments (Code, Name, Street, Pincode, City, State, Country, Phones, Faxes, WebSite, EmailAddress, AdditionalInformation) VALUES ('00000120', 'Երևան, Վարդանանց մասնաճյուղ', 'Վարդանանց 15/8', '0035', 'Երևան', 'Երևան', 'Հայաստանի Հանրապետություն', '(+37410) 55 09 02', '(+37410) 55 09 02', 'http://www.nortun.am/vardananc-e', 'vardananc-e@nortun.am', 'ՆՈՐ ՏԱՆ խանութ-սրահներն աշխատում են երկուշաբթիից-շաբաթ՝ ժամը 10:00 -19:00
Կիրակի՝ ժամը 10:00 -18:00');
INSERT INTO materials.refdepartments (Code, Name, Street, Pincode, City, State, Country, Phones, Faxes, WebSite, EmailAddress, AdditionalInformation) VALUES ('00000130', 'Երևան, Նար-Դոս մասնաճյուղ', 'Նար-Դոս 112', '0036', 'Երևան', 'Երևան', 'Հայաստանի Հանրապետություն', '(+37410) 57 77 40, 57 77 80', '(+37410) 57 77 40, 57 77 80', 'http://www.nortun.am/nardos-e', 'nardos-e@nortun.am', 'ՆՈՐ ՏԱՆ խանութ-սրահներն աշխատում են երկուշաբթիից-շաբաթ՝ ժամը 10:00 -19:00
Կիրակի՝ ժամը 10:00 -18:00');
INSERT INTO materials.refdepartments (Code, Name, Street, Pincode, City, State, Country, Phones, Faxes, WebSite, EmailAddress, AdditionalInformation) VALUES ('00000140', 'Երևան, Սեբաստիա մասնաճյուղ', 'Սեբաստիա 30', '0037', 'Երևան', 'Երևան', 'Հայաստանի Հանրապետություն', '(+37410) 72 22 56, 72 22 57', '(+37410) 72 22 56, 72 22 57', 'http://www.nortun.am/sebastia-e', 'sebastia-e@nortun.am', 'ՆՈՐ ՏԱՆ խանութ-սրահներն աշխատում են երկուշաբթիից-շաբաթ՝ ժամը 10:00 -19:00
Կիրակի՝ ժամը 10:00 -18:00');
INSERT INTO materials.refdepartments (Code, Name, Street, Pincode, City, State, Country, Phones, Faxes, WebSite, EmailAddress, AdditionalInformation) VALUES ('00000150', 'Երևան, Դավիթ Անհաղթ մասնաճյուղ', 'Դավիթ Անհաղթ 21', '0038', 'Երևան', 'Երևան', 'Հայաստանի Հանրապետություն', '(+37410) 20 81 07', '(+37410) 20 81 07', 'http://www.nortun.am/davidanhaght-e', 'davidanhaght-e@nortun.am', 'ՆՈՐ ՏԱՆ խանութ-սրահներն աշխատում են երկուշաբթիից-շաբաթ՝ ժամը 10:00 -19:00
Կիրակի՝ ժամը 10:00 -18:00');

-- Fill table refgroups with data
INSERT INTO materials.refgroups (Code, Name, EnhancedName) VALUES ('00000010', 'ՍԱԼԻԿՆԵՐ', 'Երիզ-լիստ, կերամոգրանիտներ, մոզաիկա, հատակի սալիկ, պատի սալիկ, սալիկի անկյունակ');
INSERT INTO materials.refgroups (Code, Name, EnhancedName) VALUES ('00000020', 'ՍՈՍԻՆՁՆԵՐ', 'լվացող նյութեր, կարանյութեր, նախահիմքեր, շինանյութ, սոսինձներ');
INSERT INTO materials.refgroups (Code, Name, EnhancedName) VALUES ('00000030', 'ՍՎԱՂԱՆՅՈՒԹԵՐ', 'Սվաղանյութեր տարբեր նպատակների իրագործման համար');
INSERT INTO materials.refgroups (Code, Name, EnhancedName) VALUES ('00000040', 'ԾԵՓԱՄԱԾԻԿՆԵՐ', 'Ծեփամածիկներ տարբեր նպատակների իրագործման համար');
INSERT INTO materials.refgroups (Code, Name, EnhancedName) VALUES ('00000050', 'ԽՈՀԱՆՈՑԻ ՍԱՐՔԱՎՈՐՈՒՄՆԵՐ', 'խոհանոցային լվացարաններ տարբեր չափսերի և տեսքի, այլ սարքավորումներ');
INSERT INTO materials.refgroups (Code, Name, EnhancedName) VALUES ('00000060', 'ԾՈՐԱԿՆԵՐ', 'Ծորակներ, մեխանիզմներ, սիֆոններ');
INSERT INTO materials.refgroups (Code, Name, EnhancedName) VALUES ('00000070', 'ՍԱՆԻՏԱՐԱԿԱՆ ԿԵՐԱՄԻԿԱ', 'Հավաքածուներ, Լվացարաններ, Զուգարանակոնքեր, Լոգասենյակային կահույք, Բիդեներ');
INSERT INTO materials.refgroups (Code, Name, EnhancedName) VALUES ('00000080', 'ԼՈԳԱՍԵՆՅԱԿԻ ԱՔՍԵՍՈՒԱՐՆԵՐ', 'Աքսեսուարներ, աքսեսուարների կոմպլեկտներ, լուսամփոփներ, հայելիներ');
INSERT INTO materials.refgroups (Code, Name, EnhancedName) VALUES ('00000090', 'ԿԱԽՈՎԻ ԱՌԱՍՏԱՂՆԵՐ', 'Կախովի առաստաղներ տարբեր տեսքերի, գույների, չափսերի լայն տեսականի');
INSERT INTO materials.refgroups (Code, Name, EnhancedName) VALUES ('00000100', 'ՎԱՆՆԱՆԵՐ ԵՒ ԼՈԳԱԽՑԻԿՆԵՐ', 'Լոգախցիկներ; հիդրոմերսող լոգախցիկներ, վաննաներ; ակրիլիկ, թուջե, մետաղական վաննաներ');
INSERT INTO materials.refgroups (Code, Name, EnhancedName) VALUES ('00000110', 'ԳԱԶԱՅԻՆ ԿԱԹՍԱՆԵՐ', 'Գազային կաթսաներ, բոյլերներ, ծխատարների լայն տեսականի');
INSERT INTO materials.refgroups (Code, Name, EnhancedName) VALUES ('00000120', 'ԳԱԶԱՅԻՆ ՋՐԱՏԱՔԱՑՈՒՑԻՉՆԵՐ', 'Գազային ջրատաքացուցիչներ տարբեր հզորությունների և տարողությունների');
INSERT INTO materials.refgroups (Code, Name, EnhancedName) VALUES ('00000130', 'ՋԵՌՈՒՑՄԱՆ ՄԱՐՏԿՈՑՆԵՐ', 'Ջեռուցման մարտկոցներ, չորանոցներ, Էլեկտրական չորանոցներ');
INSERT INTO materials.refgroups (Code, Name, EnhancedName) VALUES ('00000140', 'ՋՐԱՏԱՔԱՑՈՒՑԻՉՆԵՐ', 'Ջրատաքացուցիչներ էլեկտրական');
INSERT INTO materials.refgroups (Code, Name, EnhancedName) VALUES ('00000150', 'ՊՈՄՊԵՐ', 'Պոմպեր կենցաղային և արտադրական նպատակներուվ օգտագործման համար');
INSERT INTO materials.refgroups (Code, Name, EnhancedName) VALUES ('00000160', 'ԽՈՂՈՎԱԿՆԵՐ', 'PERT խողովակներ, կոյուղու խողովակներ, PE խողովակներ, PPR խողովակներ');
INSERT INTO materials.refgroups (Code, Name, EnhancedName) VALUES ('00000170', 'ԴԵՏԱԼՆԵՐ', 'դետալներ, գազի ճկուն խողովակներ, գազի փականներ, սանհանգույցի կցամասեր');
INSERT INTO materials.refgroups (Code, Name, EnhancedName) VALUES ('00000180', 'ՕԴՈՐԱԿԻՉՆԵՐ', 'Օդորակիչներ էլեկտրական տարբեր մեծությամբ տարածքների համար');
INSERT INTO materials.refgroups (Code, Name, EnhancedName) VALUES ('00000190', 'ՕԴԱՓՈԽՈՒԹՅԱՆ ՍԱՐՔԵՐ', 'Օդափոխության սարքեր և սարքավորումներ');
INSERT INTO materials.refgroups (Code, Name, EnhancedName) VALUES ('00000200', 'ՀԱՏԱԿԻ ԾԱԾԿՈՒՅԹՆԵՐ', 'Լամինատե հատակներ, լամինատե շրիշակներ, լինոլեումներ, կավրոլիններ, մանրահատակներ');
INSERT INTO materials.refgroups (Code, Name, EnhancedName) VALUES ('00000210', 'ՆԵՐԿԵՐ', 'Լաքեր և ծածկույթներ, լուծիչներ, նախահիմքեր, պատի և առաստաղի ներկեր ...');
INSERT INTO materials.refgroups (Code, Name, EnhancedName) VALUES ('00000220', 'ՊԱՍՏԱՌՆԵՐ', 'Պաստառներ, առաստաղի քիվեր, պաստառի երիզներ, տեքստիլ պաստառներ');
INSERT INTO materials.refgroups (Code, Name, EnhancedName) VALUES ('00000230', 'ԴՌՆԵՐ', 'Մետաղական դռներ, միջսենյակային դռներ, աքսեսուարներ, բռնակներ և փականներ');
INSERT INTO materials.refgroups (Code, Name, EnhancedName) VALUES ('00000240', 'ԷԼԵԿՏՐԱԿԱՆ ԱՔՍԵՍՈՒԱՐՆԵՐ', 'Տուփեր, հաղորդալարեր, անջատիչներ, վարդակներ, դեկորատիվ կափարիչներ');
INSERT INTO materials.refgroups (Code, Name, EnhancedName) VALUES ('00000250', 'ԼՈՒՍԱՎՈՐՈՒԹՅԱՆ ՍԱՐՔԵՐ', 'լուսամփոփներ, ջահեր, այլ սարքավորումներ');
INSERT INTO materials.refgroups (Code, Name, EnhancedName) VALUES ('00000260', 'ԳՈՐԾԻՔՆԵՐ ԿԵՆՑԱՂԱՅԻՆ', 'էլեկտրական գործիքներ, պտուտակներ, մոնտաժման սարքավորումներ');
INSERT INTO materials.refgroups (Code, Name, EnhancedName) VALUES ('00000270', 'ԳԻՊՍԵՍՏՎԱՐԱԹՂԹԵ ՍԱԼԻԿՆԵՐ', 'Գիպսեստվարաթղթե սալիկներ');
INSERT INTO materials.refgroups (Code, Name, EnhancedName) VALUES ('00000280', 'ՄԵՏԱՂԱԿԱՆ ՊՐՈՖԻԼՆԵՐ', 'Գիպսեստվարաթղթե սալիկների պրոֆիլներ');
INSERT INTO materials.refgroups (Code, Name, EnhancedName) VALUES ('00000290', 'ՋԵՐՄԱՄԵԿՈՒՍԻՉ ՆՅՈՒԹԵՐ', 'Ջերմամեկուսիչ նյութեր տարբեր տեսակի և նպատակների համար');
INSERT INTO materials.refgroups (Code, Name, EnhancedName) VALUES ('00000300', 'ՏԱՆԻՔԻ ԾԱԾԿՈՒՅԹՆԵՐ', 'Տանիքի մետաղական և ոչմետաղական ծածկույթներ');
INSERT INTO materials.refgroups (Code, Name, EnhancedName) VALUES ('00000310', 'ԼՈՂԱՎԱԶԱՆՆԵՐ ԵՒ ՍԱՈՒՆԵՐ', 'Աստիճաններ, Դեղանյութեր, Դետալներ, լուսավորության պարագաներ, խողովակներ, ...');
INSERT INTO materials.refgroups (Code, Name, EnhancedName) VALUES ('00000320', 'ԵՎՐՈ ԴՌՆԵՐ ԵՒ ՊԱՏՈՒՀԱՆՆԵ', 'Եվրոդռների և պատուհանների տեղադրման պատվերների ընդունում');

-- Fill table refunitsofmsrs with data
INSERT INTO materials.refunitsofmsrs (Code, ShortName, LongName) VALUES ('M01', 'հատ', 'հատ');
INSERT INTO materials.refunitsofmsrs (Code, ShortName, LongName) VALUES ('M04', 'տ', 'տոննա');
INSERT INTO materials.refunitsofmsrs (Code, ShortName, LongName) VALUES ('M05', 'ց', 'ցենտներ');
INSERT INTO materials.refunitsofmsrs (Code, ShortName, LongName) VALUES ('M06', 'գրամ', 'գրամ');
INSERT INTO materials.refunitsofmsrs (Code, ShortName, LongName) VALUES ('M07', 'լիտր', 'լիտր');
INSERT INTO materials.refunitsofmsrs (Code, ShortName, LongName) VALUES ('M08', 'մլ', 'միլիլիտր');
INSERT INTO materials.refunitsofmsrs (Code, ShortName, LongName) VALUES ('M09', 'խմ', 'խորհանարդ մետր');
INSERT INTO materials.refunitsofmsrs (Code, ShortName, LongName) VALUES ('M10', 'մետր', 'մետր');
INSERT INTO materials.refunitsofmsrs (Code, ShortName, LongName) VALUES ('M11', 'մմ', 'միլիմետր');
INSERT INTO materials.refunitsofmsrs (Code, ShortName, LongName) VALUES ('M12', 'սմ', 'սանտիմետր');
INSERT INTO materials.refunitsofmsrs (Code, ShortName, LongName) VALUES ('M13', 'կմ', 'կիլոմետր');
INSERT INTO materials.refunitsofmsrs (Code, ShortName, LongName) VALUES ('M14', 'ք.մ.', 'քառակուսի մետր');

-- Fill table refmatvalues with data
INSERT INTO materials.refmatvalues (code, Name, UnitofmsrCode, GroupCode) VALUES ('0000001000020', 'Սալիկ LIST. C1680 (7-20) 56', 'M01', '00000010');
INSERT INTO materials.refmatvalues (code, Name, UnitofmsrCode, GroupCode) VALUES ('0000001000030', 'Սալիկ LIST. KDE MARRON (3-25)', 'M14', '00000010');
INSERT INTO materials.refmatvalues (code, Name, UnitofmsrCode, GroupCode) VALUES ('0000001000040', 'Սալիկ LIST. KDE AZUL (3-25)', 'M14', '00000010');
INSERT INTO materials.refmatvalues (code, Name, UnitofmsrCode, GroupCode) VALUES ('0000001000050', 'Սալիկ LIST. JADE CORF BEIGE 5X20', 'M14', '00000010');
INSERT INTO materials.refmatvalues (code, Name, UnitofmsrCode, GroupCode) VALUES ('0000001000060', 'Սալիկ LIST. STAR DURA BROWN 5X30', 'M14', '00000010');
INSERT INTO materials.refmatvalues (code, Name, UnitofmsrCode, GroupCode) VALUES ('0000001000070', 'Սալիկ M. PROJECT SABBIA 30X30', 'M14', '00000010');
INSERT INTO materials.refmatvalues (code, Name, UnitofmsrCode, GroupCode) VALUES ('0000001000080', 'Սալիկ M. PROJECT ARGILLA 30X30', 'M14', '00000010');
INSERT INTO materials.refmatvalues (code, Name, UnitofmsrCode, GroupCode) VALUES ('0000001000090', 'Սալիկ M. PROJECT GESSO 30X30', 'M14', '00000010');
INSERT INTO materials.refmatvalues (code, Name, UnitofmsrCode, GroupCode) VALUES ('0000002000010', 'Սոսինձ 109GBNC SCOTCH-BRITE FINE WHITE', 'M01', '00000020');
INSERT INTO materials.refmatvalues (code, Name, UnitofmsrCode, GroupCode) VALUES ('0000002000020', 'Սոսինձ 128G0001 SWEEPEX SPONGE FOR CLE', 'M01', '00000020');
INSERT INTO materials.refmatvalues (code, Name, UnitofmsrCode, GroupCode) VALUES ('0000002000030', 'Սոսինձ LITOCLEAN 1KGX24PZ', 'M01', '00000020');
INSERT INTO materials.refmatvalues (code, Name, UnitofmsrCode, GroupCode) VALUES ('0000002000040', 'Սոսինձ LITONET TANICA 5L', 'M01', '00000020');
INSERT INTO materials.refmatvalues (code, Name, UnitofmsrCode, GroupCode) VALUES ('0000002000050', 'Սոսինձ LITONET 1KG BOX OF 12 PCS', 'M01', '00000020');
INSERT INTO materials.refmatvalues (code, Name, UnitofmsrCode, GroupCode) VALUES ('0000002000060', 'Սոսինձ LSTRP0750 LITOSTRIP 12 PCS X 750', 'M01', '00000020');
INSERT INTO materials.refmatvalues (code, Name, UnitofmsrCode, GroupCode) VALUES ('0000002000070', 'Սոսինձ ELASTOCEM COMP. A 24KG BAG', 'M01', '00000020');
INSERT INTO materials.refmatvalues (code, Name, UnitofmsrCode, GroupCode) VALUES ('0000002000080', 'Սոսինձ ELASTOCEM COMP. B 8KG CAN', 'M01', '00000020');
INSERT INTO materials.refmatvalues (code, Name, UnitofmsrCode, GroupCode) VALUES ('0000002000090', 'Սոսինձ LITOBAND R10 ROLL OF 10ML', 'M01', '00000020');
INSERT INTO materials.refmatvalues (code, Name, UnitofmsrCode, GroupCode) VALUES ('0000005000010', 'Խոհանոցային լվացարան D8050AB', 'M01', '00000050');
INSERT INTO materials.refmatvalues (code, Name, UnitofmsrCode, GroupCode) VALUES ('0000005000020', 'Խոհանոցային լվացարան HQ-TF02', 'M01', '00000050');
INSERT INTO materials.refmatvalues (code, Name, UnitofmsrCode, GroupCode) VALUES ('0000005000030', 'Խոհանոցային լվացարան COMFORT 1B1D POLISHED', 'M01', '00000050');
INSERT INTO materials.refmatvalues (code, Name, UnitofmsrCode, GroupCode) VALUES ('0000005000040', 'Խոհանոցային լվացարան CLASSIC 2B LINEN', 'M01', '00000050');
INSERT INTO materials.refmatvalues (code, Name, UnitofmsrCode, GroupCode) VALUES ('0000005000050', 'Խոհանոցային լվացարան COMFORT 2B LINEN', 'M01', '00000050');
INSERT INTO materials.refmatvalues (code, Name, UnitofmsrCode, GroupCode) VALUES ('0000005000060', 'Խոհանոցային լվացարան LOTUS 1 1/2B1D 780', 'M01', '00000050');
INSERT INTO materials.refmatvalues (code, Name, UnitofmsrCode, GroupCode) VALUES ('0000005000070', 'Խոհանոցային լվացարան LOTUS 1 1/2B1D 950', 'M01', '00000050');
INSERT INTO materials.refmatvalues (code, Name, UnitofmsrCode, GroupCode) VALUES ('0000005000080', 'Խոհանոցային լվացարան LOTUS 2B1D POLISHED', 'M01', '00000050');
INSERT INTO materials.refmatvalues (code, Name, UnitofmsrCode, GroupCode) VALUES ('0000005000090', 'Խոհանոցային լվացարան MICRO 2B', 'M01', '00000050');
INSERT INTO materials.refmatvalues (code, Name, UnitofmsrCode, GroupCode) VALUES ('0000007000010', 'Հավաքածու MARSEILLES', 'M01', '00000070');
INSERT INTO materials.refmatvalues (code, Name, UnitofmsrCode, GroupCode) VALUES ('0000007000020', 'Հավաքածու KANDY', 'M01', '00000070');
INSERT INTO materials.refmatvalues (code, Name, UnitofmsrCode, GroupCode) VALUES ('0000007000030', 'Հավաքածու LAREDO', 'M01', '00000070');
INSERT INTO materials.refmatvalues (code, Name, UnitofmsrCode, GroupCode) VALUES ('0000007000040', 'Հավաքածու LEGEND', 'M01', '00000070');
INSERT INTO materials.refmatvalues (code, Name, UnitofmsrCode, GroupCode) VALUES ('0000007000050', 'Հավաքածու FLORENCE', 'M01', '00000070');
INSERT INTO materials.refmatvalues (code, Name, UnitofmsrCode, GroupCode) VALUES ('0000007000060', 'Հավաքածու BEIJING', 'M01', '00000070');
INSERT INTO materials.refmatvalues (code, Name, UnitofmsrCode, GroupCode) VALUES ('0000007000070', 'Հավաքածու ARQ', 'M01', '00000070');
INSERT INTO materials.refmatvalues (code, Name, UnitofmsrCode, GroupCode) VALUES ('0000008000010', 'Հայելի D65 LAMP', 'M01', '00000080');
INSERT INTO materials.refmatvalues (code, Name, UnitofmsrCode, GroupCode) VALUES ('0000008000020', 'Հայելի 1001 MIRROR 60X45', 'M01', '00000080');
INSERT INTO materials.refmatvalues (code, Name, UnitofmsrCode, GroupCode) VALUES ('0000008000030', 'Հայելի 1004 MIRROR 60X45', 'M01', '00000080');
INSERT INTO materials.refmatvalues (code, Name, UnitofmsrCode, GroupCode) VALUES ('0000008000040', 'Հայելի 1010 ROUND MIRROR X60', 'M01', '00000080');
INSERT INTO materials.refmatvalues (code, Name, UnitofmsrCode, GroupCode) VALUES ('0000008000050', 'Հայելի HS-38506 MAGNIFYING MIRROR "6"', 'M01', '00000080');
INSERT INTO materials.refmatvalues (code, Name, UnitofmsrCode, GroupCode) VALUES ('0000008000060', 'Հայելի HS-37208 MAGNIFYING MIRROR "6"', 'M01', '00000080');
INSERT INTO materials.refmatvalues (code, Name, UnitofmsrCode, GroupCode) VALUES ('0000008000070', 'Հայելի FH761 MIRROR 70X50 WITH SHELF', 'M01', '00000080');
INSERT INTO materials.refmatvalues (code, Name, UnitofmsrCode, GroupCode) VALUES ('0000008000080', 'Հայելի FH307 MIRROR 50X60 WITH SHELF', 'M01', '00000080');
INSERT INTO materials.refmatvalues (code, Name, UnitofmsrCode, GroupCode) VALUES ('0000008000090', 'Հայելի HS-38206 MAGNIFYING MIRROR "6"', 'M01', '00000080');
INSERT INTO materials.refmatvalues (code, Name, UnitofmsrCode, GroupCode) VALUES ('0000010000010', 'Լոգախցիկ SC05', 'M01', '00000100');
INSERT INTO materials.refmatvalues (code, Name, UnitofmsrCode, GroupCode) VALUES ('0000010000020', 'Լոգախցիկ YH1007', 'M01', '00000100');
INSERT INTO materials.refmatvalues (code, Name, UnitofmsrCode, GroupCode) VALUES ('0000010000030', 'Լոգախցիկ C1208', 'M01', '00000100');
INSERT INTO materials.refmatvalues (code, Name, UnitofmsrCode, GroupCode) VALUES ('0000010000040', 'Լոգախցիկ YH1002', 'M01', '00000100');
INSERT INTO materials.refmatvalues (code, Name, UnitofmsrCode, GroupCode) VALUES ('0000010000050', 'Լոգախցիկ YH1002 CHROME', 'M01', '00000100');
INSERT INTO materials.refmatvalues (code, Name, UnitofmsrCode, GroupCode) VALUES ('0000010000060', 'Լոգախցիկ G202', 'M01', '00000100');
INSERT INTO materials.refmatvalues (code, Name, UnitofmsrCode, GroupCode) VALUES ('0000010000070', 'Լոգախցիկ C1224', 'M01', '00000100');
INSERT INTO materials.refmatvalues (code, Name, UnitofmsrCode, GroupCode) VALUES ('0000010000080', 'Լոգախցիկ C616', 'M01', '00000100');
INSERT INTO materials.refmatvalues (code, Name, UnitofmsrCode, GroupCode) VALUES ('0000010000090', 'Լոգախցիկ G307', 'M01', '00000100');
INSERT INTO materials.refmatvalues (code, Name, UnitofmsrCode, GroupCode) VALUES ('0000010000100', 'Հիդրոմերսող Լոգախցիկ SUUNY', 'M01', '00000100');
INSERT INTO materials.refmatvalues (code, Name, UnitofmsrCode, GroupCode) VALUES ('0000010000110', 'Հիդրոմերսող Լոգախցիկ YH7103 STEAM BOX 1000X1000X2250M', 'M01', '00000100');
INSERT INTO materials.refmatvalues (code, Name, UnitofmsrCode, GroupCode) VALUES ('0000010000120', 'Հիդրոմերսող Լոգախցիկ YH5016 WAVE GLASS BOX WITHOUT', 'M01', '00000100');
INSERT INTO materials.refmatvalues (code, Name, UnitofmsrCode, GroupCode) VALUES ('0000010000130', 'Հիդրոմերսող Լոգախցիկ YH5302 WITHOUT SAUNA 90X90X214', 'M01', '00000100');
INSERT INTO materials.refmatvalues (code, Name, UnitofmsrCode, GroupCode) VALUES ('0000010000140', 'Հիդրոմերսող Լոգախցիկ YH5016 BOX WITHOUT SAUNA', 'M01', '00000100');
INSERT INTO materials.refmatvalues (code, Name, UnitofmsrCode, GroupCode) VALUES ('0000010000150', 'Հիդրոմերսող Լոգախցիկ 8201B BOX WITHOUT SAUNA 900X90', 'M01', '00000100');
INSERT INTO materials.refmatvalues (code, Name, UnitofmsrCode, GroupCode) VALUES ('0000010000160', 'Հիդրոմերսող Լոգախցիկ 8203 BOX WITHOUT SAUNA 1000X100', 'M01', '00000100');
INSERT INTO materials.refmatvalues (code, Name, UnitofmsrCode, GroupCode) VALUES ('0000010000170', 'Հիդրոմերսող Լոգախցիկ 8201C BOX WITHOUT SAUNA 1000X1', 'M01', '00000100');
INSERT INTO materials.refmatvalues (code, Name, UnitofmsrCode, GroupCode) VALUES ('0000010000180', 'Հիդրոմերսող Լոգախցիկ 8306 BOX WITHOUT SAUNA 1000X100', 'M01', '00000100');

-- Fill table refpricesofmatvalues with data
INSERT INTO materials.refpricesofmatvalues (ID, MatvalueCode, DepartmentCode, CurrencyCode, Date, Price, Quantity) VALUES (2, '0000001000020', '00000010', 'AMD', '2016-03-13', 525, 1);
INSERT INTO materials.refpricesofmatvalues (ID, MatvalueCode, DepartmentCode, CurrencyCode, Date, Price, Quantity) VALUES (3, '0000001000030', '00000010', 'AMD', '2016-03-13', 525, 1);
INSERT INTO materials.refpricesofmatvalues (ID, MatvalueCode, DepartmentCode, CurrencyCode, Date, Price, Quantity) VALUES (4, '0000001000040', '00000010', 'AMD', '2016-03-13', 525, 1);
INSERT INTO materials.refpricesofmatvalues (ID, MatvalueCode, DepartmentCode, CurrencyCode, Date, Price, Quantity) VALUES (5, '0000001000050', '00000010', 'AMD', '2016-03-13', 562, 1);
INSERT INTO materials.refpricesofmatvalues (ID, MatvalueCode, DepartmentCode, CurrencyCode, Date, Price, Quantity) VALUES (6, '0000001000060', '00000010', 'AMD', '2016-03-13', 562, 1);
INSERT INTO materials.refpricesofmatvalues (ID, MatvalueCode, DepartmentCode, CurrencyCode, Date, Price, Quantity) VALUES (7, '0000002000010', '00000010', 'AMD', '2016-03-13', 2100, 1);
INSERT INTO materials.refpricesofmatvalues (ID, MatvalueCode, DepartmentCode, CurrencyCode, Date, Price, Quantity) VALUES (8, '0000002000020', '00000010', 'AMD', '2016-03-13', 2625, 1);
INSERT INTO materials.refpricesofmatvalues (ID, MatvalueCode, DepartmentCode, CurrencyCode, Date, Price, Quantity) VALUES (9, '0000002000030', '00000010', 'AMD', '2016-03-13', 6900, 1);
INSERT INTO materials.refpricesofmatvalues (ID, MatvalueCode, DepartmentCode, CurrencyCode, Date, Price, Quantity) VALUES (10, '0000002000040', '00000010', 'AMD', '2016-03-13', 8475, 1);
INSERT INTO materials.refpricesofmatvalues (ID, MatvalueCode, DepartmentCode, CurrencyCode, Date, Price, Quantity) VALUES (11, '0000002000050', '00000010', 'AMD', '2016-03-13', 10200, 1);
INSERT INTO materials.refpricesofmatvalues (ID, MatvalueCode, DepartmentCode, CurrencyCode, Date, Price, Quantity) VALUES (12, '0000002000060', '00000010', 'AMD', '2016-03-13', 17700, 1);
INSERT INTO materials.refpricesofmatvalues (ID, MatvalueCode, DepartmentCode, CurrencyCode, Date, Price, Quantity) VALUES (13, '0000001000070', '00000010', 'AMD', '2016-03-13', 4275, 1);
INSERT INTO materials.refpricesofmatvalues (ID, MatvalueCode, DepartmentCode, CurrencyCode, Date, Price, Quantity) VALUES (14, '0000001000080', '00000010', 'AMD', '2016-03-13', 4275, 1);
INSERT INTO materials.refpricesofmatvalues (ID, MatvalueCode, DepartmentCode, CurrencyCode, Date, Price, Quantity) VALUES (15, '0000001000090', '00000010', 'AMD', '2016-03-13', 4750, 1);
INSERT INTO materials.refpricesofmatvalues (ID, MatvalueCode, DepartmentCode, CurrencyCode, Date, Price, Quantity) VALUES (16, '0000002000070', '00000010', 'AMD', '2016-03-13', 1200, 1);
INSERT INTO materials.refpricesofmatvalues (ID, MatvalueCode, DepartmentCode, CurrencyCode, Date, Price, Quantity) VALUES (17, '0000002000080', '00000010', 'AMD', '2016-03-13', 1300, 1);
INSERT INTO materials.refpricesofmatvalues (ID, MatvalueCode, DepartmentCode, CurrencyCode, Date, Price, Quantity) VALUES (18, '0000002000090', '00000010', 'AMD', '2016-03-13', 1400, 1);
INSERT INTO materials.refpricesofmatvalues (ID, MatvalueCode, DepartmentCode, CurrencyCode, Date, Price, Quantity) VALUES (19, '0000005000010', '00000010', 'AMD', '2016-03-13', 13200, 1);
INSERT INTO materials.refpricesofmatvalues (ID, MatvalueCode, DepartmentCode, CurrencyCode, Date, Price, Quantity) VALUES (20, '0000005000020', '00000010', 'AMD', '2016-03-13', 15975, 1);
INSERT INTO materials.refpricesofmatvalues (ID, MatvalueCode, DepartmentCode, CurrencyCode, Date, Price, Quantity) VALUES (21, '0000005000030', '00000010', 'AMD', '2016-03-13', 43650, 1);
INSERT INTO materials.refpricesofmatvalues (ID, MatvalueCode, DepartmentCode, CurrencyCode, Date, Price, Quantity) VALUES (22, '0000005000040', '00000010', 'AMD', '2016-03-13', 44950, 1);
INSERT INTO materials.refpricesofmatvalues (ID, MatvalueCode, DepartmentCode, CurrencyCode, Date, Price, Quantity) VALUES (23, '0000005000050', '00000010', 'AMD', '2016-03-13', 68925, 1);
INSERT INTO materials.refpricesofmatvalues (ID, MatvalueCode, DepartmentCode, CurrencyCode, Date, Price, Quantity) VALUES (24, '0000005000060', '00000010', 'AMD', '2016-03-13', 71925, 1);
INSERT INTO materials.refpricesofmatvalues (ID, MatvalueCode, DepartmentCode, CurrencyCode, Date, Price, Quantity) VALUES (25, '0000005000070', '00000010', 'AMD', '2016-03-13', 80775, 1);
INSERT INTO materials.refpricesofmatvalues (ID, MatvalueCode, DepartmentCode, CurrencyCode, Date, Price, Quantity) VALUES (26, '0000005000080', '00000010', 'AMD', '2016-03-13', 87900, 1);
INSERT INTO materials.refpricesofmatvalues (ID, MatvalueCode, DepartmentCode, CurrencyCode, Date, Price, Quantity) VALUES (27, '0000005000090', '00000010', 'AMD', '2016-03-13', 151500, 1);
INSERT INTO materials.refpricesofmatvalues (ID, MatvalueCode, DepartmentCode, CurrencyCode, Date, Price, Quantity) VALUES (28, '0000007000010', '00000010', 'AMD', '2016-03-13', 92490, 1);
INSERT INTO materials.refpricesofmatvalues (ID, MatvalueCode, DepartmentCode, CurrencyCode, Date, Price, Quantity) VALUES (29, '0000007000020', '00000010', 'AMD', '2016-03-13', 98940, 1);
INSERT INTO materials.refpricesofmatvalues (ID, MatvalueCode, DepartmentCode, CurrencyCode, Date, Price, Quantity) VALUES (30, '0000007000030', '00000010', 'AMD', '2016-03-13', 127215, 1);
INSERT INTO materials.refpricesofmatvalues (ID, MatvalueCode, DepartmentCode, CurrencyCode, Date, Price, Quantity) VALUES (31, '0000007000040', '00000010', 'AMD', '2016-03-13', 142200, 1);
INSERT INTO materials.refpricesofmatvalues (ID, MatvalueCode, DepartmentCode, CurrencyCode, Date, Price, Quantity) VALUES (32, '0000007000050', '00000010', 'AMD', '2016-03-13', 201465, 1);
INSERT INTO materials.refpricesofmatvalues (ID, MatvalueCode, DepartmentCode, CurrencyCode, Date, Price, Quantity) VALUES (33, '0000007000060', '00000010', 'AMD', '2016-03-13', 214515, 1);
INSERT INTO materials.refpricesofmatvalues (ID, MatvalueCode, DepartmentCode, CurrencyCode, Date, Price, Quantity) VALUES (34, '0000007000070', '00000010', 'AMD', '2016-03-13', 495685, 1);
INSERT INTO materials.refpricesofmatvalues (ID, MatvalueCode, DepartmentCode, CurrencyCode, Date, Price, Quantity) VALUES (35, '0000008000010', '00000010', 'AMD', '2016-03-13', 3750, 1);
INSERT INTO materials.refpricesofmatvalues (ID, MatvalueCode, DepartmentCode, CurrencyCode, Date, Price, Quantity) VALUES (36, '0000008000020', '00000010', 'AMD', '2016-03-13', 4350, 1);
INSERT INTO materials.refpricesofmatvalues (ID, MatvalueCode, DepartmentCode, CurrencyCode, Date, Price, Quantity) VALUES (37, '0000008000040', '00000010', 'AMD', '2016-03-13', 5625, 1);
INSERT INTO materials.refpricesofmatvalues (ID, MatvalueCode, DepartmentCode, CurrencyCode, Date, Price, Quantity) VALUES (38, '0000008000050', '00000010', 'AMD', '2016-03-13', 6675, 1);
INSERT INTO materials.refpricesofmatvalues (ID, MatvalueCode, DepartmentCode, CurrencyCode, Date, Price, Quantity) VALUES (39, '0000008000060', '00000010', 'AMD', '2016-03-13', 6975, 1);
INSERT INTO materials.refpricesofmatvalues (ID, MatvalueCode, DepartmentCode, CurrencyCode, Date, Price, Quantity) VALUES (40, '0000008000070', '00000010', 'AMD', '2016-03-13', 7050, 1);
INSERT INTO materials.refpricesofmatvalues (ID, MatvalueCode, DepartmentCode, CurrencyCode, Date, Price, Quantity) VALUES (41, '0000008000080', '00000010', 'AMD', '2016-03-13', 8100, 1);
INSERT INTO materials.refpricesofmatvalues (ID, MatvalueCode, DepartmentCode, CurrencyCode, Date, Price, Quantity) VALUES (42, '0000008000090', '00000010', 'AMD', '2016-03-13', 8250, 1);
INSERT INTO materials.refpricesofmatvalues (ID, MatvalueCode, DepartmentCode, CurrencyCode, Date, Price, Quantity) VALUES (43, '0000010000010', '00000010', 'AMD', '2016-03-13', 45750, 1);
INSERT INTO materials.refpricesofmatvalues (ID, MatvalueCode, DepartmentCode, CurrencyCode, Date, Price, Quantity) VALUES (44, '0000010000020', '00000010', 'AMD', '2016-03-13', 110625, 1);
INSERT INTO materials.refpricesofmatvalues (ID, MatvalueCode, DepartmentCode, CurrencyCode, Date, Price, Quantity) VALUES (45, '0000010000030', '00000010', 'AMD', '2016-03-13', 117225, 1);
INSERT INTO materials.refpricesofmatvalues (ID, MatvalueCode, DepartmentCode, CurrencyCode, Date, Price, Quantity) VALUES (46, '0000010000040', '00000010', 'AMD', '2016-03-13', 129000, 1);
INSERT INTO materials.refpricesofmatvalues (ID, MatvalueCode, DepartmentCode, CurrencyCode, Date, Price, Quantity) VALUES (47, '0000010000050', '00000010', 'AMD', '2016-03-13', 131250, 1);
INSERT INTO materials.refpricesofmatvalues (ID, MatvalueCode, DepartmentCode, CurrencyCode, Date, Price, Quantity) VALUES (48, '0000010000060', '00000010', 'AMD', '2016-03-13', 136500, 1);
INSERT INTO materials.refpricesofmatvalues (ID, MatvalueCode, DepartmentCode, CurrencyCode, Date, Price, Quantity) VALUES (49, '0000010000070', '00000010', 'AMD', '2016-03-13', 141000, 1);
INSERT INTO materials.refpricesofmatvalues (ID, MatvalueCode, DepartmentCode, CurrencyCode, Date, Price, Quantity) VALUES (51, '0000010000090', '00000010', 'AMD', '2016-03-13', 151050, 1);
INSERT INTO materials.refpricesofmatvalues (ID, MatvalueCode, DepartmentCode, CurrencyCode, Date, Price, Quantity) VALUES (53, '0000010000110', '00000010', 'AMD', '2016-03-13', 159000, 1);
INSERT INTO materials.refpricesofmatvalues (ID, MatvalueCode, DepartmentCode, CurrencyCode, Date, Price, Quantity) VALUES (54, '0000010000120', '00000010', 'AMD', '2016-03-13', 217125, 1);
INSERT INTO materials.refpricesofmatvalues (ID, MatvalueCode, DepartmentCode, CurrencyCode, Date, Price, Quantity) VALUES (55, '0000010000130', '00000010', 'AMD', '2016-03-13', 219000, 1);
INSERT INTO materials.refpricesofmatvalues (ID, MatvalueCode, DepartmentCode, CurrencyCode, Date, Price, Quantity) VALUES (56, '0000010000140', '00000010', 'AMD', '2016-03-13', 219900, 1);
INSERT INTO materials.refpricesofmatvalues (ID, MatvalueCode, DepartmentCode, CurrencyCode, Date, Price, Quantity) VALUES (57, '0000010000150', '00000010', 'AMD', '2016-03-13', 247500, 1);
INSERT INTO materials.refpricesofmatvalues (ID, MatvalueCode, DepartmentCode, CurrencyCode, Date, Price, Quantity) VALUES (58, '0000010000160', '00000010', 'AMD', '2016-03-13', 252750, 1);
INSERT INTO materials.refpricesofmatvalues (ID, MatvalueCode, DepartmentCode, CurrencyCode, Date, Price, Quantity) VALUES (59, '0000010000170', '00000010', 'AMD', '2016-03-13', 250000, 1);

-- Fill table refpermissions with data
INSERT INTO materials.refpermissions (ID, Name) VALUES (01, 'permission.currency.read');
INSERT INTO materials.refpermissions (ID, Name) VALUES (02, 'permission.currency.delete');
INSERT INTO materials.refpermissions (ID, Name) VALUES (03, 'permission.currency.insert');
INSERT INTO materials.refpermissions (ID, Name) VALUES (04, 'permission.currency.update');
INSERT INTO materials.refpermissions (ID, Name) VALUES (05, 'permission.currencyRate.read');
INSERT INTO materials.refpermissions (ID, Name) VALUES (06, 'permission.currencyRate.delete');
INSERT INTO materials.refpermissions (ID, Name) VALUES (07, 'permission.currencyRate.insert');
INSERT INTO materials.refpermissions (ID, Name) VALUES (08, 'permission.currencyRate.update');
INSERT INTO materials.refpermissions (ID, Name) VALUES (09, 'permission.department.read');
INSERT INTO materials.refpermissions (ID, Name) VALUES (10, 'permission.department.delete');
INSERT INTO materials.refpermissions (ID, Name) VALUES (11, 'permission.department.insert');
INSERT INTO materials.refpermissions (ID, Name) VALUES (12, 'permission.department.update');
INSERT INTO materials.refpermissions (ID, Name) VALUES (13, 'permission.group.read');
INSERT INTO materials.refpermissions (ID, Name) VALUES (14, 'permission.group.delete');
INSERT INTO materials.refpermissions (ID, Name) VALUES (15, 'permission.group.insert');
INSERT INTO materials.refpermissions (ID, Name) VALUES (16, 'permission.group.update');
INSERT INTO materials.refpermissions (ID, Name) VALUES (17, 'permission.matvalue.read');
INSERT INTO materials.refpermissions (ID, Name) VALUES (18, 'permission.matvalue.delete');
INSERT INTO materials.refpermissions (ID, Name) VALUES (19, 'permission.matvalue.insert');
INSERT INTO materials.refpermissions (ID, Name) VALUES (20, 'permission.matvalue.update');
INSERT INTO materials.refpermissions (ID, Name) VALUES (21, 'permission.salePrice.read');
INSERT INTO materials.refpermissions (ID, Name) VALUES (22, 'permission.salePrice.delete');
INSERT INTO materials.refpermissions (ID, Name) VALUES (23, 'permission.salePrice.insert');
INSERT INTO materials.refpermissions (ID, Name) VALUES (24, 'permission.salePrice.update');
INSERT INTO materials.refpermissions (ID, Name) VALUES (25, 'permission.unitofmsr.read');
INSERT INTO materials.refpermissions (ID, Name) VALUES (26, 'permission.unitofmsr.delete');
INSERT INTO materials.refpermissions (ID, Name) VALUES (27, 'permission.unitofmsr.insert');
INSERT INTO materials.refpermissions (ID, Name) VALUES (28, 'permission.unitofmsr.update');

-- Fill table refroles with data
INSERT INTO materials.refroles (ID, Name) VALUES (01, 'Project administrator');
INSERT INTO materials.refroles (ID, Name) VALUES (02, 'Professional workman');
INSERT INTO materials.refroles (ID, Name) VALUES (03, 'Junior workman');

-- Fill table refrolespermissions with data for first workman
INSERT INTO materials.refrolespermissions (ID, RoleID, PermissionID) VALUES (01, 01, 01);
INSERT INTO materials.refrolespermissions (ID, RoleID, PermissionID) VALUES (02, 01, 02);
INSERT INTO materials.refrolespermissions (ID, RoleID, PermissionID) VALUES (03, 01, 03);
INSERT INTO materials.refrolespermissions (ID, RoleID, PermissionID) VALUES (04, 01, 04);
INSERT INTO materials.refrolespermissions (ID, RoleID, PermissionID) VALUES (05, 01, 05);
INSERT INTO materials.refrolespermissions (ID, RoleID, PermissionID) VALUES (06, 01, 06);
INSERT INTO materials.refrolespermissions (ID, RoleID, PermissionID) VALUES (07, 01, 07);
INSERT INTO materials.refrolespermissions (ID, RoleID, PermissionID) VALUES (08, 01, 08);
INSERT INTO materials.refrolespermissions (ID, RoleID, PermissionID) VALUES (09, 01, 09);
INSERT INTO materials.refrolespermissions (ID, RoleID, PermissionID) VALUES (10, 01, 10);
INSERT INTO materials.refrolespermissions (ID, RoleID, PermissionID) VALUES (11, 01, 11);
INSERT INTO materials.refrolespermissions (ID, RoleID, PermissionID) VALUES (12, 01, 12);
INSERT INTO materials.refrolespermissions (ID, RoleID, PermissionID) VALUES (13, 01, 13);
INSERT INTO materials.refrolespermissions (ID, RoleID, PermissionID) VALUES (14, 01, 14);
INSERT INTO materials.refrolespermissions (ID, RoleID, PermissionID) VALUES (15, 01, 15);
INSERT INTO materials.refrolespermissions (ID, RoleID, PermissionID) VALUES (16, 01, 16);
INSERT INTO materials.refrolespermissions (ID, RoleID, PermissionID) VALUES (17, 01, 17);
INSERT INTO materials.refrolespermissions (ID, RoleID, PermissionID) VALUES (18, 01, 18);
INSERT INTO materials.refrolespermissions (ID, RoleID, PermissionID) VALUES (19, 01, 19);
INSERT INTO materials.refrolespermissions (ID, RoleID, PermissionID) VALUES (20, 01, 20);
INSERT INTO materials.refrolespermissions (ID, RoleID, PermissionID) VALUES (21, 01, 21);
INSERT INTO materials.refrolespermissions (ID, RoleID, PermissionID) VALUES (22, 01, 22);
INSERT INTO materials.refrolespermissions (ID, RoleID, PermissionID) VALUES (23, 01, 23);
INSERT INTO materials.refrolespermissions (ID, RoleID, PermissionID) VALUES (24, 01, 24);
INSERT INTO materials.refrolespermissions (ID, RoleID, PermissionID) VALUES (25, 01, 25);
INSERT INTO materials.refrolespermissions (ID, RoleID, PermissionID) VALUES (26, 01, 26);
INSERT INTO materials.refrolespermissions (ID, RoleID, PermissionID) VALUES (27, 01, 27);
INSERT INTO materials.refrolespermissions (ID, RoleID, PermissionID) VALUES (28, 01, 28);

-- Fill table refrolespermissions with data for second workman
INSERT INTO materials.refrolespermissions (ID, RoleID, PermissionID) VALUES (33, 02, 01);
INSERT INTO materials.refrolespermissions (ID, RoleID, PermissionID) VALUES (34, 02, 02);
INSERT INTO materials.refrolespermissions (ID, RoleID, PermissionID) VALUES (35, 02, 03);
INSERT INTO materials.refrolespermissions (ID, RoleID, PermissionID) VALUES (36, 02, 04);
INSERT INTO materials.refrolespermissions (ID, RoleID, PermissionID) VALUES (37, 02, 05);
INSERT INTO materials.refrolespermissions (ID, RoleID, PermissionID) VALUES (38, 02, 06);
INSERT INTO materials.refrolespermissions (ID, RoleID, PermissionID) VALUES (39, 02, 07);
INSERT INTO materials.refrolespermissions (ID, RoleID, PermissionID) VALUES (40, 02, 08);
INSERT INTO materials.refrolespermissions (ID, RoleID, PermissionID) VALUES (41, 02, 09);
INSERT INTO materials.refrolespermissions (ID, RoleID, PermissionID) VALUES (42, 02, 10);
INSERT INTO materials.refrolespermissions (ID, RoleID, PermissionID) VALUES (43, 02, 11);
INSERT INTO materials.refrolespermissions (ID, RoleID, PermissionID) VALUES (44, 02, 12);
INSERT INTO materials.refrolespermissions (ID, RoleID, PermissionID) VALUES (45, 02, 13);
INSERT INTO materials.refrolespermissions (ID, RoleID, PermissionID) VALUES (46, 02, 14);
INSERT INTO materials.refrolespermissions (ID, RoleID, PermissionID) VALUES (47, 02, 15);
INSERT INTO materials.refrolespermissions (ID, RoleID, PermissionID) VALUES (48, 02, 16);
INSERT INTO materials.refrolespermissions (ID, RoleID, PermissionID) VALUES (49, 02, 17);
INSERT INTO materials.refrolespermissions (ID, RoleID, PermissionID) VALUES (50, 02, 18);
INSERT INTO materials.refrolespermissions (ID, RoleID, PermissionID) VALUES (51, 02, 19);
INSERT INTO materials.refrolespermissions (ID, RoleID, PermissionID) VALUES (52, 02, 20);
INSERT INTO materials.refrolespermissions (ID, RoleID, PermissionID) VALUES (53, 02, 21);
INSERT INTO materials.refrolespermissions (ID, RoleID, PermissionID) VALUES (54, 02, 22);
INSERT INTO materials.refrolespermissions (ID, RoleID, PermissionID) VALUES (55, 02, 23);
INSERT INTO materials.refrolespermissions (ID, RoleID, PermissionID) VALUES (56, 02, 24);
INSERT INTO materials.refrolespermissions (ID, RoleID, PermissionID) VALUES (57, 02, 25);
INSERT INTO materials.refrolespermissions (ID, RoleID, PermissionID) VALUES (58, 02, 26);
INSERT INTO materials.refrolespermissions (ID, RoleID, PermissionID) VALUES (59, 02, 27);
INSERT INTO materials.refrolespermissions (ID, RoleID, PermissionID) VALUES (60, 02, 28);